Name,LoadTime,Browser,Status
"  Benchmark Results ",," Chrome, PASS"
"  Beta Graphs ",," Chrome, PASS"
"  Bin Data Compare ",," Chrome, PASS"
"  Dashboard ",," Chrome, PASS"
"  Device Inventory ",," Chrome, PASS"
"  Directory ",," Chrome, PASS"
"  Field Workloads ",," Chrome, PASS"
"  FQ Test Central ",," Chrome, PASS"
"  Guides ",," Chrome, PASS"
"  Home ",," Chrome, PASS"
"  ITR Central ",," Chrome, PASS"
"  Lab Layout ",," Chrome, PASS"
"  Lookup Tables ",," Chrome, PASS"
"  NotifyMe ",," Chrome, PASS"
"  Release Management ",," Chrome, PASS"
"  Report Center ",," Chrome, PASS"
"  Server Center ",," Chrome, PASS"
"  Test Overview ",," Chrome, PASS"
"  Test Request / Status ",," Chrome, PASS"
"  Tips ",," Chrome, PASS"
"  TraceDoc ",," Chrome, PASS"
"  Web Metrics ",," Chrome, PASS"
"  Benchmark Results ",," Firefox, PASS"
"  Beta Graphs ",," Firefox, PASS"
"  Bin Data Compare ",," Firefox, PASS"
"  Dashboard ",," Firefox, PASS"
"  Device Inventory ",," Firefox, PASS"
"  Directory ",," Firefox, PASS"
"  Field Workloads ",," Firefox, PASS"
"  FQ Test Central ",," Firefox, PASS"
"  Guides ",," Firefox, PASS"
"  Home ",," Firefox, PASS"
"  ITR Central ",," Firefox, PASS"
"  Lab Layout ",," Firefox, PASS"
"  Lookup Tables ",," Firefox, PASS"
"  NotifyMe ",," Firefox, PASS"
"  Release Management ",," Firefox, PASS"
"  Report Center ",," Firefox, PASS"
"  Server Center ",," Firefox, PASS"
"  Test Overview ",," Firefox, PASS"
"  Test Request / Status ",," Firefox, PASS"
"  Tips ",," Firefox, PASS"
"  TraceDoc ",," Firefox, PASS"
"  Web Metrics ",," Firefox, PASS"
"  Benchmark Results ",," Edge, PASS"
"  Beta Graphs ",," Edge, PASS"
"  Bin Data Compare ",," Edge, PASS"
"  Dashboard ",," Edge, PASS"
"  Device Inventory ",," Edge, PASS"
"  Directory ",," Edge, PASS"
"  Field Workloads ",," Edge, PASS"
"  FQ Test Central ",," Edge, PASS"
"  Guides ",," Edge, PASS"
"  Home ",," Edge, PASS"
"  ITR Central ",," Edge, PASS"
"  Lab Layout ",," Edge, PASS"
"  Lookup Tables ",," Edge, PASS"
"  NotifyMe ",," Edge, PASS"
"  Release Management ",," Edge, PASS"
"  Report Center ",," Edge, PASS"
"  Server Center ",," Edge, PASS"
"  Test Overview ",," Edge, PASS"
"  Test Request / Status ",," Edge, PASS"
"  Tips ",," Edge, PASS"
"  TraceDoc ",," Edge, PASS"
"  Web Metrics ",," Edge, PASS"
